<?xml version="1.0" encoding="UTF-8"?>
<project-private xmlns="http://www.netbeans.org/ns/project-private/1">
    <editor-bookmarks xmlns="http://www.netbeans.org/ns/editor-bookmarks/2" lastBookmarkId="0"/>
    <open-files xmlns="http://www.netbeans.org/ns/projectui-open-files/2">
        <group>
            <file>file:/D:/Users/Sergio/Documents/NetBeansProjects/LaLlamadaDeCthulu/src/gestionroles/dao/DAOCampania.java</file>
            <file>file:/D:/Users/Sergio/Documents/NetBeansProjects/LaLlamadaDeCthulu/src/gestionroles/dao/DAOCapacidad.java</file>
            <file>file:/D:/Users/Sergio/Documents/NetBeansProjects/LaLlamadaDeCthulu/src/gestionroles/daoMySQL/MySQLCampaniaDAO.java</file>
            <file>file:/D:/Users/Sergio/Documents/NetBeansProjects/LaLlamadaDeCthulu/src/gestionroles/clase/Usuario.java</file>
            <file>file:/D:/Users/Sergio/Documents/NetBeansProjects/LaLlamadaDeCthulu/src/gestionroles/daoMySQL/MySQLArmamentoDAO.java</file>
            <file>file:/D:/Users/Sergio/Documents/NetBeansProjects/LaLlamadaDeCthulu/src/gestionroles/clase/Campania.java</file>
            <file>file:/D:/Users/Sergio/Documents/NetBeansProjects/LaLlamadaDeCthulu/src/gestionroles/dao/DAOPersonaje.java</file>
            <file>file:/D:/Users/Sergio/Documents/NetBeansProjects/LaLlamadaDeCthulu/src/gestionroles/daoMySQL/MySQLUsuarioDAO.java</file>
            <file>file:/D:/Users/Sergio/Documents/NetBeansProjects/LaLlamadaDeCthulu/src/gestionroles/daoMySQL/MySQLCapacidadDAO.java</file>
            <file>file:/D:/Users/Sergio/Documents/NetBeansProjects/LaLlamadaDeCthulu/src/gestionroles/dao/DAOUsuario.java</file>
            <file>file:/D:/Users/Sergio/Documents/NetBeansProjects/LaLlamadaDeCthulu/src/gestionroles/daoMySQL/MySQLPersonajeDAO.java</file>
            <file>file:/D:/Users/Sergio/Documents/NetBeansProjects/LaLlamadaDeCthulu/src/gestionroles/clase/Armamento.java</file>
            <file>file:/D:/Users/Sergio/Documents/NetBeansProjects/LaLlamadaDeCthulu/src/gestionroles/daoMySQL/MySQLPropiedadDAO.java</file>
            <file>file:/D:/Users/Sergio/Documents/NetBeansProjects/LaLlamadaDeCthulu/src/gestionroles/clase/Personaje.java</file>
            <file>file:/D:/Users/Sergio/Documents/NetBeansProjects/LaLlamadaDeCthulu/src/gestionroles/dao/DAO.java</file>
        </group>
    </open-files>
</project-private>
