<?xml version="1.0" encoding="UTF-8"?>
<project-private xmlns="http://www.netbeans.org/ns/project-private/1">
    <editor-bookmarks xmlns="http://www.netbeans.org/ns/editor-bookmarks/2" lastBookmarkId="0"/>
    <open-files xmlns="http://www.netbeans.org/ns/projectui-open-files/2">
        <group>
            <file>file:/D:/Users/Sergio/Documents/NetBeansProjects/LaLlamadaDeCthulu/src/gestionroles/clase/Propiedad.java</file>
            <file>file:/D:/Users/Sergio/Documents/NetBeansProjects/LaLlamadaDeCthulu/src/gestionroles/clase/Arma.java</file>
            <file>file:/D:/Users/Sergio/Documents/NetBeansProjects/LaLlamadaDeCthulu/src/gestionroles/daoMySQL/MySQLHeridaDAO.java</file>
            <file>file:/D:/Users/Sergio/Documents/NetBeansProjects/LaLlamadaDeCthulu/src/gestionroles/dao/DAOHerida.java</file>
            <file>file:/D:/Users/Sergio/Documents/NetBeansProjects/LaLlamadaDeCthulu/src/gestionroles/dao/DAOManager.java</file>
            <file>file:/D:/Users/Sergio/Documents/NetBeansProjects/LaLlamadaDeCthulu/src/gestionroles/daoMySQL/MySQLPersonajeDAO.java</file>
            <file>file:/D:/Users/Sergio/Documents/NetBeansProjects/LaLlamadaDeCthulu/src/gestionroles/daoMySQL/MySQLTrastornoDAO.java</file>
            <file>file:/D:/Users/Sergio/Documents/NetBeansProjects/LaLlamadaDeCthulu/src/gestionroles/dao/DAO.java</file>
            <file>file:/D:/Users/Sergio/Documents/NetBeansProjects/LaLlamadaDeCthulu/src/gestionroles/clase/Personaje.java</file>
            <file>file:/D:/Users/Sergio/Documents/NetBeansProjects/LaLlamadaDeCthulu/src/gestionroles/clase/Posesion.java</file>
            <file>file:/D:/Users/Sergio/Documents/NetBeansProjects/LaLlamadaDeCthulu/src/gestionroles/daoMySQL/MySQLFamiliaDAO.java</file>
            <file>file:/D:/Users/Sergio/Documents/NetBeansProjects/LaLlamadaDeCthulu/src/gestionroles/clase/LibroMitos.java</file>
            <file>file:/D:/Users/Sergio/Documents/NetBeansProjects/LaLlamadaDeCthulu/src/gestionroles/clase/Usuario.java</file>
            <file>file:/D:/Users/Sergio/Documents/NetBeansProjects/LaLlamadaDeCthulu/src/gestionroles/daoMySQL/MySQLSerEncontradoDAO.java</file>
            <file>file:/D:/Users/Sergio/Documents/NetBeansProjects/LaLlamadaDeCthulu/src/gestionroles/clase/Campaña.java</file>
            <file>file:/D:/Users/Sergio/Documents/NetBeansProjects/LaLlamadaDeCthulu/src/gestionroles/clase/Cicatriz.java</file>
            <file>file:/D:/Users/Sergio/Documents/NetBeansProjects/LaLlamadaDeCthulu/src/gestionroles/daoMySQL/MySQLManagerDAO.java</file>
            <file>file:/D:/Users/Sergio/Documents/NetBeansProjects/LaLlamadaDeCthulu/src/gestionroles/clase/SerEncontrado.java</file>
            <file>file:/D:/Users/Sergio/Documents/NetBeansProjects/LaLlamadaDeCthulu/src/gestionroles/dao/DAOLibroMitos.java</file>
            <file>file:/D:/Users/Sergio/Documents/NetBeansProjects/LaLlamadaDeCthulu/src/gestionroles/clase/Titulo.java</file>
            <file>file:/D:/Users/Sergio/Documents/NetBeansProjects/LaLlamadaDeCthulu/src/gestionroles/dao/DAOHechizo.java</file>
            <file>file:/D:/Users/Sergio/Documents/NetBeansProjects/LaLlamadaDeCthulu/src/gestionroles/dao/DAOUsuario.java</file>
            <file>file:/D:/Users/Sergio/Documents/NetBeansProjects/LaLlamadaDeCthulu/src/gestionroles/dao/DAOSerEncontrado.java</file>
            <file>file:/D:/Users/Sergio/Documents/NetBeansProjects/LaLlamadaDeCthulu/src/gestionroles/dao/DAOCampaña.java</file>
            <file>file:/D:/Users/Sergio/Documents/NetBeansProjects/LaLlamadaDeCthulu/src/gestionroles/dao/DAOPropiedad.java</file>
            <file>file:/D:/Users/Sergio/Documents/NetBeansProjects/LaLlamadaDeCthulu/src/gestionroles/clase/Herida.java</file>
            <file>file:/D:/Users/Sergio/Documents/NetBeansProjects/LaLlamadaDeCthulu/src/gestionroles/daoMySQL/MySQLArmaDAO.java</file>
            <file>file:/D:/Users/Sergio/Documents/NetBeansProjects/LaLlamadaDeCthulu/src/gestionroles/daoMySQL/MySQLHechizoDAO.java</file>
            <file>file:/D:/Users/Sergio/Documents/NetBeansProjects/LaLlamadaDeCthulu/src/gestionroles/clase/Hechizo.java</file>
            <file>file:/D:/Users/Sergio/Documents/NetBeansProjects/LaLlamadaDeCthulu/src/gestionroles/daoMySQL/MySQLObjetoMagicoDAO.java</file>
            <file>file:/D:/Users/Sergio/Documents/NetBeansProjects/LaLlamadaDeCthulu/src/gestionroles/dao/DAOFamilia.java</file>
            <file>file:/D:/Users/Sergio/Documents/NetBeansProjects/LaLlamadaDeCthulu/src/gestionroles/daoMySQL/MySQLCampañaDAO.java</file>
            <file>file:/D:/Users/Sergio/Documents/NetBeansProjects/LaLlamadaDeCthulu/src/gestionroles/daoMySQL/MySQLUsuarioDAO.java</file>
            <file>file:/D:/Users/Sergio/Documents/NetBeansProjects/LaLlamadaDeCthulu/src/gestionroles/clase/Familia.java</file>
            <file>file:/D:/Users/Sergio/Documents/NetBeansProjects/LaLlamadaDeCthulu/src/gestionroles/clase/Trastorno.java</file>
            <file>file:/D:/Users/Sergio/Documents/NetBeansProjects/LaLlamadaDeCthulu/src/gestionroles/daoMySQL/MySQLPropiedadDAO.java</file>
            <file>file:/D:/Users/Sergio/Documents/NetBeansProjects/LaLlamadaDeCthulu/src/gestionroles/clase/Habilidad.java</file>
            <file>file:/D:/Users/Sergio/Documents/NetBeansProjects/LaLlamadaDeCthulu/src/gestionroles/dao/DAOTitulo.java</file>
            <file>file:/D:/Users/Sergio/Documents/NetBeansProjects/LaLlamadaDeCthulu/src/gestionroles/dao/DAOCicatriz.java</file>
            <file>file:/D:/Users/Sergio/Documents/NetBeansProjects/LaLlamadaDeCthulu/src/gestionroles/dao/DAOArma.java</file>
            <file>file:/D:/Users/Sergio/Documents/NetBeansProjects/LaLlamadaDeCthulu/src/gestionroles/dao/DAOTrastorno.java</file>
            <file>file:/D:/Users/Sergio/Documents/NetBeansProjects/LaLlamadaDeCthulu/src/gestionroles/clase/ObjetoMagico.java</file>
            <file>file:/D:/Users/Sergio/Documents/NetBeansProjects/LaLlamadaDeCthulu/src/gestionroles/dao/DAOObjetoMagico.java</file>
            <file>file:/D:/Users/Sergio/Documents/NetBeansProjects/LaLlamadaDeCthulu/src/gestionroles/dao/DAOPosesion.java</file>
            <file>file:/D:/Users/Sergio/Documents/NetBeansProjects/LaLlamadaDeCthulu/src/gestionroles/daoMySQL/MySQLHabilidadDAO.java</file>
            <file>file:/D:/Users/Sergio/Documents/NetBeansProjects/LaLlamadaDeCthulu/src/gestionroles/daoMySQL/MySQLLibroMitosDAO.java</file>
            <file>file:/D:/Users/Sergio/Documents/NetBeansProjects/LaLlamadaDeCthulu/src/gestionroles/dao/DAOHabilidad.java</file>
            <file>file:/D:/Users/Sergio/Documents/NetBeansProjects/LaLlamadaDeCthulu/src/gestionroles/dao/DAOPersonaje.java</file>
            <file>file:/D:/Users/Sergio/Documents/NetBeansProjects/LaLlamadaDeCthulu/src/gestionroles/daoMySQL/MySQLTituloDAO.java</file>
            <file>file:/D:/Users/Sergio/Documents/NetBeansProjects/LaLlamadaDeCthulu/src/gestionroles/daoMySQL/MySQLCicatrizDAO.java</file>
            <file>file:/D:/Users/Sergio/Documents/NetBeansProjects/LaLlamadaDeCthulu/src/gestionroles/daoMySQL/MySQLPosesionDAO.java</file>
        </group>
    </open-files>
</project-private>
