<?xml version="1.0" encoding="UTF-8"?>
<project-private xmlns="http://www.netbeans.org/ns/project-private/1">
    <editor-bookmarks xmlns="http://www.netbeans.org/ns/editor-bookmarks/2" lastBookmarkId="0"/>
    <open-files xmlns="http://www.netbeans.org/ns/projectui-open-files/2">
        <group>
            <file>file:/D:/Users/Sergio/Documents/NetBeansProjects/LaLlamadaDeCthulu/src/dao/DAOPersonaje.java</file>
            <file>file:/D:/Users/Sergio/Documents/NetBeansProjects/LaLlamadaDeCthulu/src/dao/DAO.java</file>
            <file>file:/D:/Users/Sergio/Documents/NetBeansProjects/LaLlamadaDeCthulu/src/daoMySQL/MySQLUsuarioDAO.java</file>
            <file>file:/D:/Users/Sergio/Documents/NetBeansProjects/LaLlamadaDeCthulu/src/dao/DAOUsuario.java</file>
            <file>file:/D:/Users/Sergio/Documents/NetBeansProjects/LaLlamadaDeCthulu/src/daoMySQL/MySQLCampañaDAO.java</file>
            <file>file:/D:/Users/Sergio/Documents/NetBeansProjects/LaLlamadaDeCthulu/src/gestionroles/Personaje.java</file>
            <file>file:/D:/Users/Sergio/Documents/NetBeansProjects/LaLlamadaDeCthulu/src/gestionroles/Usuario.java</file>
            <file>file:/D:/Users/Sergio/Documents/NetBeansProjects/LaLlamadaDeCthulu/src/dao/DAOCampaña.java</file>
            <file>file:/D:/Users/Sergio/Documents/NetBeansProjects/LaLlamadaDeCthulu/src/daoMySQL/MySQLPersonajeDAO.java</file>
        </group>
    </open-files>
</project-private>
