<?xml version="1.0" encoding="UTF-8"?>
<project-private xmlns="http://www.netbeans.org/ns/project-private/1">
    <editor-bookmarks xmlns="http://www.netbeans.org/ns/editor-bookmarks/2" lastBookmarkId="0"/>
    <open-files xmlns="http://www.netbeans.org/ns/projectui-open-files/2">
        <group>
            <file>file:/D:/Users/Sergio/Documents/NetBeansProjects/LaLlamadaDeCthulhu/src/gestionroles/daoMySQL/SQLPropiedadDAO.java</file>
            <file>file:/D:/Users/Sergio/Documents/NetBeansProjects/LaLlamadaDeCthulhu/src/gestionroles/daoMySQL/SQLTrastornoDAO.java</file>
            <file>file:/D:/Users/Sergio/Documents/NetBeansProjects/LaLlamadaDeCthulhu/src/gestionroles/daoMySQL/SQLPosesionDAO.java</file>
            <file>file:/D:/Users/Sergio/Documents/NetBeansProjects/LaLlamadaDeCthulhu/src/gestionroles/daoMySQL/SQLObjetoMagicoDAO.java</file>
            <file>file:/D:/Users/Sergio/Documents/NetBeansProjects/LaLlamadaDeCthulhu/src/gestionroles/daoMySQL/SQLTituloDAO.java</file>
            <file>file:/D:/Users/Sergio/Documents/NetBeansProjects/LaLlamadaDeCthulhu/src/gestionroles/daoMySQL/SQLHabilidadDAO.java</file>
            <file>file:/D:/Users/Sergio/Documents/NetBeansProjects/LaLlamadaDeCthulhu/src/gestionroles/daoMySQL/SQLCapacidadDAO.java</file>
            <file>file:/D:/Users/Sergio/Documents/NetBeansProjects/LaLlamadaDeCthulhu/src/gestionroles/daoMySQL/SQLCicatrizDAO.java</file>
            <file>file:/D:/Users/Sergio/Documents/NetBeansProjects/LaLlamadaDeCthulhu/src/gestionroles/daoMySQL/SQLHechizoDAO.java</file>
            <file>file:/D:/Users/Sergio/Documents/NetBeansProjects/LaLlamadaDeCthulhu/src/gestionroles/daoMySQL/SQLFamiliaDAO.java</file>
            <file>file:/D:/Users/Sergio/Documents/NetBeansProjects/LaLlamadaDeCthulhu/src/gestionroles/daoMySQL/SQLLibroMitosDAO.java</file>
            <file>file:/D:/Users/Sergio/Documents/NetBeansProjects/LaLlamadaDeCthulhu/src/gestionroles/daoMySQL/SQLHeridaDAO.java</file>
            <file>file:/D:/Users/Sergio/Documents/NetBeansProjects/LaLlamadaDeCthulhu/src/gestionroles/daoMySQL/SQLArmaDAO.java</file>
            <file>file:/D:/Users/Sergio/Documents/NetBeansProjects/LaLlamadaDeCthulhu/src/gestionroles/daoMySQL/SQLSerEncontradoDAO.java</file>
            <file>file:/D:/Users/Sergio/Documents/NetBeansProjects/LaLlamadaDeCthulhu/src/gestionroles/daoMySQL/SQLUsuarioDAO.java</file>
        </group>
    </open-files>
</project-private>
