<?xml version="1.0" encoding="UTF-8"?>
<project-private xmlns="http://www.netbeans.org/ns/project-private/1">
    <editor-bookmarks xmlns="http://www.netbeans.org/ns/editor-bookmarks/2" lastBookmarkId="0"/>
    <open-files xmlns="http://www.netbeans.org/ns/projectui-open-files/2">
        <group>
            <file>file:/D:/Users/Sergio/Documents/NetBeansProjects/LaLlamadaDeCthulu/src/gestionroles/daoMySQL/MySQLObjetoMagicoDAO.java</file>
            <file>file:/D:/Users/Sergio/Documents/NetBeansProjects/LaLlamadaDeCthulu/src/gestionroles/clase/Imagen.java</file>
            <file>file:/D:/Users/Sergio/Documents/NetBeansProjects/LaLlamadaDeCthulu/src/gestionroles/dao/DAOPropiedad.java</file>
            <file>file:/D:/Users/Sergio/Documents/NetBeansProjects/LaLlamadaDeCthulu/src/gestionroles/dao/DAOTrastorno.java</file>
            <file>file:/D:/Users/Sergio/Documents/NetBeansProjects/LaLlamadaDeCthulu/src/gestionroles/dao/DAOUsuario.java</file>
            <file>file:/D:/Users/Sergio/Documents/NetBeansProjects/LaLlamadaDeCthulu/src/gestionroles/daoMySQL/MySQLUsuarioDAO.java</file>
            <file>file:/D:/Users/Sergio/Documents/NetBeansProjects/LaLlamadaDeCthulu/src/gestionroles/dao/DAOLibroMitos.java</file>
            <file>file:/D:/Users/Sergio/Documents/NetBeansProjects/LaLlamadaDeCthulu/src/gestionroles/clase/Usuario.java</file>
            <file>file:/D:/Users/Sergio/Documents/NetBeansProjects/LaLlamadaDeCthulu/src/gestionroles/daoMySQL/MySQLHabilidadDAO.java</file>
            <file>file:/D:/Users/Sergio/Documents/NetBeansProjects/LaLlamadaDeCthulu/src/gestionroles/dao/DAOPosesion.java</file>
            <file>file:/D:/Users/Sergio/Documents/NetBeansProjects/LaLlamadaDeCthulu/src/gestionroles/dao/DAOObjetoMagico.java</file>
        </group>
    </open-files>
</project-private>
